epoch,field,seniority,top_k,twins
0.911744966442953,0.6446596992097884,0.7642718446601942,0.8705523101433882,0.7575142426822081
