task_name,author_frac
epoch,0.911744966442953
field,0.6446596992097884
seniority,0.7642718446601942
top_k,0.8705523101433882
twins,0.7575142426822081
