author_exists,match,In_txt,Out_txt,Over_txt
0.911744966442953,0.7140939597315437,0.09932885906040269,0,0.9006711409395973
