author_ok,doi_ok,adf_ok
0.6446596992097884,0.42289064491460615,0.01962783583991843
