author_exists,match_then,match_now,then_txt_alignment,now_txt_alignment
0.7642718446601942,0.5176699029126214,0.5320388349514563,0.32970873786407767,0.3433009708737864
